{"cameraMode":{"drawMode":0,"name":"Shaded","section":"Shading Mode"},"sceneLighting":false,"audioPlay":false,"sceneViewState":{"showFog":true,"showMaterialUpdate":false,"showSkybox":false,"showFlares":true,"showImageEffects":true,"showParticleSystems":true},"in2DMode":false,"pivot":{"x":9.324389457702637,"y":-4.4777140617370609,"z":-3.5010132789611818},"rotation":{"x":0.11550675332546234,"y":0.8090391159057617,"z":-0.1686602085828781,"w":0.551598072052002},"size":17.00861167907715,"orthographic":false}