{"cameraMode":{"drawMode":0,"name":"Shaded","section":"Shading Mode"},"sceneLighting":false,"audioPlay":false,"sceneViewState":{"showFog":true,"showMaterialUpdate":false,"showSkybox":false,"showFlares":true,"showImageEffects":true,"showParticleSystems":true},"in2DMode":false,"pivot":{"x":2.6901605129241945,"y":-2.5392792224884035,"z":-2.8663458824157717},"rotation":{"x":0.15155468881130219,"y":0.8122934699058533,"z":-0.25302422046661379,"w":0.5066355466842651},"size":11.049639701843262,"orthographic":false}