{"cameraMode":{"drawMode":0,"name":"Shaded","section":"Shading Mode"},"sceneLighting":false,"audioPlay":false,"sceneViewState":{"showFog":true,"showMaterialUpdate":false,"showSkybox":false,"showFlares":true,"showImageEffects":true,"showParticleSystems":true},"in2DMode":false,"pivot":{"x":-127.89317321777344,"y":221.08815002441407,"z":-37.803043365478519},"rotation":{"x":-0.16884027421474458,"y":0.5959398746490479,"z":-0.13502292335033418,"w":-0.7737372517585754},"size":2.8578836917877199,"orthographic":false}