{"cameraMode":{"drawMode":0,"name":"Shaded","section":"Shading Mode"},"sceneLighting":false,"audioPlay":false,"sceneViewState":{"showFog":true,"showMaterialUpdate":false,"showSkybox":false,"showFlares":true,"showImageEffects":true,"showParticleSystems":true},"in2DMode":false,"pivot":{"x":-38.1530876159668,"y":19.523130416870118,"z":59.48369216918945},"rotation":{"x":0.11961955577135086,"y":0.27947887778282168,"z":0.03225056827068329,"w":-0.9521291851997376},"size":75.03119659423828,"orthographic":false}