{"cameraMode":{"drawMode":0,"name":"Shaded","section":"Shading Mode"},"sceneLighting":false,"audioPlay":false,"sceneViewState":{"showFog":true,"showMaterialUpdate":false,"showSkybox":false,"showFlares":true,"showImageEffects":true,"showParticleSystems":true},"in2DMode":false,"pivot":{"x":1.112643837928772,"y":-0.36553138494491579,"z":8.616246223449707},"rotation":{"x":0.27186140418052676,"y":0.14302337169647218,"z":-0.019333945587277414,"w":0.9587026238441467},"size":18.50291633605957,"orthographic":false}