{"cameraMode":{"drawMode":0,"name":"Shaded","section":"Shading Mode"},"sceneLighting":false,"audioPlay":false,"sceneViewState":{"showFog":true,"showMaterialUpdate":false,"showSkybox":false,"showFlares":true,"showImageEffects":true,"showParticleSystems":true},"in2DMode":false,"pivot":{"x":13.546015739440918,"y":-14.631896018981934,"z":-2.184253215789795},"rotation":{"x":-0.2051546722650528,"y":-0.7173416018486023,"z":0.2312859296798706,"w":-0.6268075108528137},"size":37.54727554321289,"orthographic":false}