{"cameraMode":{"drawMode":0,"name":"Shaded","section":"Shading Mode"},"sceneLighting":false,"audioPlay":false,"sceneViewState":{"showFog":true,"showMaterialUpdate":false,"showSkybox":false,"showFlares":true,"showImageEffects":true,"showParticleSystems":true},"in2DMode":false,"pivot":{"x":-2.885138988494873,"y":1.1137762069702149,"z":11.839956283569336},"rotation":{"x":0.1759665608406067,"y":0.015793224796652795,"z":-0.021910464391112329,"w":0.9893279671669006},"size":3.573154926300049,"orthographic":false}