{"cameraMode":{"drawMode":0,"name":"Shaded","section":"Shading Mode"},"sceneLighting":false,"audioPlay":false,"sceneViewState":{"showFog":true,"showMaterialUpdate":false,"showSkybox":false,"showFlares":true,"showImageEffects":true,"showParticleSystems":true},"in2DMode":false,"pivot":{"x":0.1449141502380371,"y":3.5481467247009279,"z":-0.0892035961151123},"rotation":{"x":-0.027840789407491685,"y":0.8098487854003906,"z":0.04422540217638016,"w":0.5843064785003662},"size":17.876657485961915,"orthographic":false}