{"cameraMode":{"drawMode":0,"name":"Shaded","section":"Shading Mode"},"sceneLighting":false,"audioPlay":false,"sceneViewState":{"showFog":true,"showMaterialUpdate":false,"showSkybox":false,"showFlares":true,"showImageEffects":true,"showParticleSystems":true},"in2DMode":false,"pivot":{"x":-0.2525198757648468,"y":-0.8298563361167908,"z":0.5592588186264038},"rotation":{"x":-0.1563260704278946,"y":0.7283403277397156,"z":-0.1858442723751068,"w":-0.6434041857719421},"size":1.7156959772109986,"orthographic":false}