{"cameraMode":{"drawMode":0,"name":"Shaded","section":"Shading Mode"},"sceneLighting":false,"audioPlay":false,"sceneViewState":{"showFog":true,"showMaterialUpdate":false,"showSkybox":false,"showFlares":true,"showImageEffects":true,"showParticleSystems":true},"in2DMode":false,"pivot":{"x":1.813967227935791,"y":3.4788146018981935,"z":1.5408596992492676},"rotation":{"x":0.08583981543779373,"y":0.0822329893708229,"z":-0.003971600905060768,"w":0.994890570640564},"size":9.86601734161377,"orthographic":false}