{"cameraMode":{"drawMode":0,"name":"Shaded","section":"Shading Mode"},"sceneLighting":false,"audioPlay":false,"sceneViewState":{"showFog":true,"showMaterialUpdate":false,"showSkybox":false,"showFlares":true,"showImageEffects":true,"showParticleSystems":true},"in2DMode":false,"pivot":{"x":1.700503945350647,"y":0.4912206828594208,"z":0.06847135722637177},"rotation":{"x":-0.10157348960638046,"y":-0.6884255409240723,"z":0.10069581866264343,"w":-0.7121633887290955},"size":2.8578836917877199,"orthographic":false}