{"cameraMode":{"drawMode":0,"name":"Shaded","section":"Shading Mode"},"sceneLighting":false,"audioPlay":false,"sceneViewState":{"showFog":true,"showMaterialUpdate":false,"showSkybox":false,"showFlares":true,"showImageEffects":true,"showParticleSystems":true},"in2DMode":false,"pivot":{"x":40.88957595825195,"y":-68.08885192871094,"z":40.33854675292969},"rotation":{"x":-0.02482679672539234,"y":-0.7810502648353577,"z":0.623475968837738,"w":-0.024937964975833894},"size":518.815185546875,"orthographic":false}