{"cameraMode":{"drawMode":0,"name":"Shaded","section":"Shading Mode"},"sceneLighting":false,"audioPlay":false,"sceneViewState":{"showFog":true,"showMaterialUpdate":false,"showSkybox":false,"showFlares":true,"showImageEffects":true,"showParticleSystems":true},"in2DMode":false,"pivot":{"x":-0.8181093335151672,"y":1.0577598810195923,"z":1.5757006406784058},"rotation":{"x":0.09892833232879639,"y":-0.2191656529903412,"z":0.021737145259976388,"w":0.9710620641708374},"size":3.573154926300049,"orthographic":false}