{"cameraMode":{"drawMode":0,"name":"Shaded","section":"Shading Mode"},"sceneLighting":false,"audioPlay":false,"sceneViewState":{"showFog":true,"showMaterialUpdate":false,"showSkybox":false,"showFlares":true,"showImageEffects":true,"showParticleSystems":true},"in2DMode":false,"pivot":{"x":-0.8127291202545166,"y":-1.0869572162628174,"z":-1.8428579568862916},"rotation":{"x":0.049255818128585818,"y":-0.9496088027954102,"z":0.2433132827281952,"w":0.19260895252227784},"size":2.8578836917877199,"orthographic":false}