{"cameraMode":{"drawMode":0,"name":"Shaded","section":"Shading Mode"},"sceneLighting":true,"audioPlay":false,"sceneViewState":{"showFog":true,"showMaterialUpdate":false,"showSkybox":false,"showFlares":true,"showImageEffects":true,"showParticleSystems":true},"in2DMode":false,"pivot":{"x":77.22733306884766,"y":-36.50574493408203,"z":-66.64219665527344},"rotation":{"x":-0.06605105847120285,"y":-0.8927221298217773,"z":0.17849937081336976,"w":-0.4085233807563782},"size":112.27171325683594,"orthographic":false}