{"cameraMode":{"drawMode":0,"name":"Shaded","section":"Shading Mode"},"sceneLighting":false,"audioPlay":false,"sceneViewState":{"showFog":true,"showMaterialUpdate":false,"showSkybox":false,"showFlares":true,"showImageEffects":true,"showParticleSystems":true},"in2DMode":false,"pivot":{"x":-2.0299999713897707,"y":2.880000114440918,"z":12.1899995803833},"rotation":{"x":-0.006771284621208906,"y":0.9899879693984985,"z":-0.05546940490603447,"w":-0.14100617170333863},"size":2.8578836917877199,"orthographic":false}