{"cameraMode":{"drawMode":0,"name":"Shaded","section":"Shading Mode"},"sceneLighting":false,"audioPlay":false,"sceneViewState":{"showFog":true,"showMaterialUpdate":false,"showSkybox":false,"showFlares":true,"showImageEffects":true,"showParticleSystems":true},"in2DMode":false,"pivot":{"x":0.0,"y":0.5765142440795898,"z":-0.001317739486694336},"rotation":{"x":0.0022892183624207975,"y":-0.9720388054847717,"z":0.23364965617656709,"w":0.023308707401156427},"size":4.356950283050537,"orthographic":false}