{"cameraMode":{"drawMode":0,"name":"Shaded","section":"Shading Mode"},"sceneLighting":false,"audioPlay":false,"sceneViewState":{"showFog":true,"showMaterialUpdate":false,"showSkybox":false,"showFlares":true,"showImageEffects":true,"showParticleSystems":true},"in2DMode":false,"pivot":{"x":6.869856834411621,"y":-19.612348556518556,"z":-21.415719985961915},"rotation":{"x":-0.03539855033159256,"y":-0.9388625621795654,"z":0.33288490772247317,"w":-0.09758687019348145},"size":37.54727554321289,"orthographic":false}