{"cameraMode":{"drawMode":0,"name":"Shaded","section":"Shading Mode"},"sceneLighting":false,"audioPlay":false,"sceneViewState":{"showFog":true,"showMaterialUpdate":false,"showSkybox":false,"showFlares":true,"showImageEffects":true,"showParticleSystems":true},"in2DMode":false,"pivot":{"x":4.706883430480957,"y":-2.4888899326324465,"z":-0.5027403235435486},"rotation":{"x":0.21518445014953614,"y":0.7027765512466431,"z":-0.19854523241519929,"w":0.6589552760124207},"size":10.780632019042969,"orthographic":false}