{"cameraMode":{"drawMode":0,"name":"Shaded","section":"Shading Mode"},"sceneLighting":false,"audioPlay":false,"sceneViewState":{"showFog":true,"showMaterialUpdate":false,"showSkybox":false,"showFlares":true,"showImageEffects":true,"showParticleSystems":true},"in2DMode":false,"pivot":{"x":-0.9163556098937988,"y":-8.301104545593262,"z":-103.95406341552735},"rotation":{"x":0.03414054587483406,"y":-0.9651651382446289,"z":0.21359659731388093,"w":0.15384818613529206},"size":24.450241088867189,"orthographic":false}