{"cameraMode":{"drawMode":0,"name":"Shaded","section":"Shading Mode"},"sceneLighting":false,"audioPlay":false,"sceneViewState":{"showFog":true,"showMaterialUpdate":false,"showSkybox":false,"showFlares":true,"showImageEffects":true,"showParticleSystems":true},"in2DMode":false,"pivot":{"x":-3.3125157356262209,"y":1.476240873336792,"z":6.099978923797607},"rotation":{"x":-0.43366584181785586,"y":-0.01515681017190218,"z":0.0027837951201945545,"w":-0.9026402831077576},"size":3.573154926300049,"orthographic":false}