{"cameraMode":{"drawMode":0,"name":"Shaded","section":"Shading Mode"},"sceneLighting":false,"audioPlay":false,"sceneViewState":{"showFog":true,"showMaterialUpdate":false,"showSkybox":false,"showFlares":true,"showImageEffects":true,"showParticleSystems":true},"in2DMode":false,"pivot":{"x":-1.5052144527435303,"y":-10.029590606689454,"z":-24.960697174072267},"rotation":{"x":0.0051568374037742619,"y":0.9826429486274719,"z":-0.19283545017242433,"w":0.016783298924565316},"size":37.54727554321289,"orthographic":false}