{"cameraMode":{"drawMode":2,"name":"Shaded Wireframe","section":"Shading Mode"},"sceneLighting":false,"audioPlay":false,"sceneViewState":{"showFog":true,"showMaterialUpdate":false,"showSkybox":false,"showFlares":true,"showImageEffects":true,"showParticleSystems":true},"in2DMode":false,"pivot":{"x":10.80772590637207,"y":-5.238770484924316,"z":-99.23367309570313},"rotation":{"x":-0.031340863555669788,"y":-0.9683229327201843,"z":0.18479254841804505,"w":-0.17174825072288514},"size":18.476055145263673,"orthographic":false}