{"cameraMode":{"drawMode":0,"name":"Shaded","section":"Shading Mode"},"sceneLighting":false,"audioPlay":false,"sceneViewState":{"showFog":true,"showMaterialUpdate":false,"showSkybox":false,"showFlares":true,"showImageEffects":true,"showParticleSystems":true},"in2DMode":false,"pivot":{"x":8.646071434020996,"y":-3.4147496223449709,"z":-0.685857892036438},"rotation":{"x":-0.1279543936252594,"y":-0.7033168077468872,"z":0.12814731895923615,"w":-0.6896195411682129},"size":19.43577766418457,"orthographic":false}