{"cameraMode":{"drawMode":0,"name":"Shaded","section":"Shading Mode"},"sceneLighting":false,"audioPlay":false,"sceneViewState":{"showFog":true,"showMaterialUpdate":false,"showSkybox":false,"showFlares":true,"showImageEffects":true,"showParticleSystems":true},"in2DMode":false,"pivot":{"x":0.0,"y":0.8603524565696716,"z":-0.0244206041097641},"rotation":{"x":-0.18130111694335938,"y":0.13087143003940583,"z":-0.03054007887840271,"w":-0.9742022156715393},"size":44.929019927978519,"orthographic":false}