{"cameraMode":{"drawMode":0,"name":"Shaded","section":"Shading Mode"},"sceneLighting":false,"audioPlay":false,"sceneViewState":{"showFog":true,"showMaterialUpdate":false,"showSkybox":false,"showFlares":true,"showImageEffects":true,"showParticleSystems":true},"in2DMode":false,"pivot":{"x":-2.266421318054199,"y":0.6278035640716553,"z":-0.344807505607605},"rotation":{"x":-0.1262369453907013,"y":0.6868357062339783,"z":-0.12202522158622742,"w":-0.7060069441795349},"size":6.065921306610107,"orthographic":false}