{"cameraMode":{"drawMode":0,"name":"Shaded","section":"Shading Mode"},"sceneLighting":false,"audioPlay":false,"sceneViewState":{"showFog":true,"showMaterialUpdate":false,"showSkybox":false,"showFlares":true,"showImageEffects":true,"showParticleSystems":true},"in2DMode":false,"pivot":{"x":12.908437728881836,"y":-5.079999923706055,"z":-4.920000076293945},"rotation":{"x":0.14356333017349244,"y":-0.6734182834625244,"z":0.14327064156532288,"w":0.7109265327453613},"size":2.8578836917877199,"orthographic":false}