{"cameraMode":{"drawMode":0,"name":"Shaded","section":"Shading Mode"},"sceneLighting":false,"audioPlay":false,"sceneViewState":{"showFog":true,"showMaterialUpdate":false,"showSkybox":false,"showFlares":true,"showImageEffects":true,"showParticleSystems":true},"in2DMode":false,"pivot":{"x":17.701278686523439,"y":-21.838645935058595,"z":0.050547581166028979},"rotation":{"x":0.3059508800506592,"y":0.6413801908493042,"z":-0.30821889638900759,"w":0.6339061260223389},"size":29.938961029052736,"orthographic":false}