{"cameraMode":{"drawMode":0,"name":"Shaded","section":"Shading Mode"},"sceneLighting":false,"audioPlay":false,"sceneViewState":{"showFog":true,"showMaterialUpdate":false,"showSkybox":false,"showFlares":true,"showImageEffects":true,"showParticleSystems":true},"in2DMode":false,"pivot":{"x":0.918511688709259,"y":1.0187489986419678,"z":-4.092325210571289},"rotation":{"x":-0.2451694756746292,"y":0.2524041533470154,"z":-0.06796127557754517,"w":-0.9353198409080505},"size":8.544611930847168,"orthographic":false}