{"cameraMode":{"drawMode":0,"name":"Shaded","section":"Shading Mode"},"sceneLighting":false,"audioPlay":false,"sceneViewState":{"showFog":true,"showMaterialUpdate":false,"showSkybox":false,"showFlares":true,"showImageEffects":true,"showParticleSystems":true},"in2DMode":false,"pivot":{"x":0.059236302971839908,"y":1.2724121809005738,"z":0.057505011558532718},"rotation":{"x":0.07889290899038315,"y":0.7693517208099365,"z":-0.10397414863109589,"w":0.6253505349159241},"size":14.268067359924317,"orthographic":false}