{"cameraMode":{"drawMode":0,"name":"Shaded","section":"Shading Mode"},"sceneLighting":false,"audioPlay":false,"sceneViewState":{"showFog":true,"showMaterialUpdate":false,"showSkybox":false,"showFlares":true,"showImageEffects":true,"showParticleSystems":true},"in2DMode":false,"pivot":{"x":13.39944839477539,"y":-9.287019729614258,"z":-0.5655492544174194},"rotation":{"x":0.16450752317905427,"y":0.7179053425788879,"z":-0.17390741407871247,"w":0.6554944515228272},"size":31.11785125732422,"orthographic":false}