{"cameraMode":{"drawMode":0,"name":"Shaded","section":"Shading Mode"},"sceneLighting":false,"audioPlay":false,"sceneViewState":{"showFog":true,"showMaterialUpdate":false,"showSkybox":false,"showFlares":true,"showImageEffects":true,"showParticleSystems":true},"in2DMode":false,"pivot":{"x":-2.5516037940979006,"y":-4.74185848236084,"z":-15.815540313720704},"rotation":{"x":0.011122293770313263,"y":-0.9829107522964478,"z":0.15978088974952699,"w":0.09082625061273575},"size":19.2562255859375,"orthographic":false}