{"cameraMode":{"drawMode":0,"name":"Shaded","section":"Shading Mode"},"sceneLighting":false,"audioPlay":false,"sceneViewState":{"showFog":true,"showMaterialUpdate":false,"showSkybox":false,"showFlares":true,"showImageEffects":true,"showParticleSystems":true},"in2DMode":false,"pivot":{"x":1.9670000076293946,"y":0.8619999885559082,"z":1.815999984741211},"rotation":{"x":-0.09703382849693299,"y":0.7214860320091248,"z":-0.10819932818412781,"w":-0.6770046949386597},"size":26.585254669189454,"orthographic":false}