{"cameraMode":{"drawMode":0,"name":"Shaded","section":"Shading Mode"},"sceneLighting":false,"audioPlay":false,"sceneViewState":{"showFog":true,"showMaterialUpdate":false,"showSkybox":false,"showFlares":true,"showImageEffects":true,"showParticleSystems":true},"in2DMode":false,"pivot":{"x":0.0,"y":1.4279999732971192,"z":-0.017000019550323488},"rotation":{"x":-0.1509450376033783,"y":0.8293865919113159,"z":-0.2692614197731018,"w":-0.46565207839012148},"size":11.426553726196289,"orthographic":false}